feature,shap_value
cat__savings_A64,-0.39695665
cat__employment_A72,0.28628665
cat__checking_account_A14,0.25104317
cat__savings_A61,-0.23378913
cat__other_installment_plans_A141,0.21540782
num__credit_amount_per_month,0.20831591
num__duration_months,0.16487545
cat__checking_account_A11,-0.14355446
cat__other_installment_plans_A143,0.13878264
cat__credit_history_A34,0.13019368
num__credit_amount,-0.11681455
num__age_credit_ratio,-0.10709355
cat__property_A121,-0.08549471
cat__checking_account_A12,0.07872982
cat__personal_status_sex_A93,0.07649504
num__credit_duration_interaction,-0.07028937
cat__telephone_A191,-0.068821356
cat__purpose_A41,0.063821
cat__housing_A151,-0.060410783
cat__purpose_A40,-0.059095826
num__age,-0.05544434
cat__employment_A74,0.05195529
cat__property_A124,-0.05047302
cat__savings_A65,0.050469875
cat__housing_A152,-0.04113867
cat__telephone_A192,-0.039666697
cat__purpose_A46,-0.038602855
cat__purpose_A43,0.036666673
num__installment_rate,0.03615465
cat__credit_history_A30,-0.023714624
cat__other_debtors_A103,0.020088425
cat__credit_history_A31,-0.013844126
cat__personal_status_sex_A91,-0.013026434
num__existing_credits,-0.012854245
num__maintenance_people,-0.012790022
cat__housing_A153,0.01231633
cat__foreign_worker_A201,0.012298188
cat__other_debtors_A102,-0.009817455
cat__foreign_worker_A202,0.007847187
cat__savings_A62,-0.007837357
cat__personal_status_sex_A92,-0.007808216
num__residence_since,0.005603633
cat__employment_A71,-0.0047796615
cat__job_A173,0.0041946075
cat__job_A174,0.0035312236
cat__savings_A63,0.0030355908
cat__property_A122,0.002245388
cat__credit_history_A33,0.0015033775
cat__employment_A75,0.0010764458
cat__checking_account_A13,0.000619454
cat__credit_history_A32,0.00042567152
cat__property_A123,-0.00018327616
cat__purpose_A410,0.0
cat__purpose_A42,0.0
cat__purpose_A45,0.0
cat__purpose_A48,0.0
cat__purpose_A49,0.0
cat__purpose_A44,0.0
cat__employment_A73,0.0
cat__other_debtors_A101,0.0
cat__personal_status_sex_A94,0.0
cat__other_installment_plans_A142,0.0
cat__job_A171,0.0
cat__job_A172,0.0
