checking_account,duration_months,credit_history,purpose,credit_amount,savings,employment,installment_rate,personal_status_sex,other_debtors,residence_since,property,age,other_installment_plans,housing,existing_credits,job,maintenance_people,telephone,foreign_worker,credit_amount_per_month,age_credit_ratio,credit_duration_interaction,actual,predicted,bad_probability,result
A11,24,A32,A43,2384,A61,A75,4,A93,A101,4,A121,64,A141,A151,1,A172,1,A191,A201,99.33333333333331,0.0268456375838926,57216,0,1,0.73333657,False Positive
A11,24,A32,A42,4169,A61,A73,4,A93,A101,4,A122,28,A143,A152,1,A173,1,A191,A201,173.70833333333334,0.0067162389062125,100056,0,1,0.6126863,False Positive
A11,36,A32,A410,15857,A61,A71,2,A91,A102,3,A123,43,A143,A152,1,A174,1,A191,A201,440.47222222222223,0.002711736141767,570852,0,1,0.7898494,False Positive
A12,36,A32,A43,4795,A61,A72,4,A92,A101,1,A124,30,A143,A152,1,A174,1,A192,A201,133.19444444444446,0.0062565172054223,172620,0,1,0.6782238,False Positive
A12,12,A32,A40,7472,A65,A71,1,A92,A101,2,A121,24,A143,A151,1,A171,1,A191,A201,622.6666666666666,0.0032119914346895,89664,0,1,0.6430041,False Positive
A11,24,A32,A410,1755,A61,A75,4,A92,A103,4,A121,58,A143,A152,1,A172,1,A192,A201,73.125,0.033048433048433,42120,0,1,0.55199844,False Positive
A12,30,A30,A49,4221,A61,A73,2,A92,A101,1,A123,28,A143,A152,2,A173,1,A191,A201,140.7,0.0066334991708126,126630,0,1,0.68486863,False Positive
A13,24,A32,A42,2892,A61,A75,3,A91,A101,4,A124,51,A143,A153,1,A173,1,A191,A201,120.5,0.0176348547717842,69408,0,1,0.54487735,False Positive
A12,39,A33,A46,11760,A62,A74,2,A93,A101,3,A124,32,A143,A151,1,A173,1,A192,A201,301.53846153846155,0.0027210884353741,458640,0,1,0.5258293,False Positive
A11,12,A32,A46,1200,A65,A73,4,A92,A101,4,A122,23,A141,A151,1,A173,1,A192,A201,100.0,0.0191666666666666,14400,0,1,0.6604463,False Positive
A12,12,A32,A43,625,A61,A72,4,A94,A103,1,A121,26,A141,A152,1,A172,1,A191,A201,52.083333333333336,0.0416,7500,0,1,0.5447432,False Positive
A11,15,A32,A40,2511,A61,A71,1,A92,A101,4,A123,23,A143,A151,1,A173,1,A191,A201,167.4,0.0091596973317403,37665,0,1,0.52670217,False Positive
A11,36,A32,A42,3959,A61,A71,4,A93,A101,3,A122,30,A143,A152,1,A174,1,A192,A201,109.97222222222224,0.0075776711290729,142524,0,1,0.50275284,False Positive
A11,24,A32,A43,1603,A61,A75,4,A92,A101,4,A123,55,A143,A152,1,A173,1,A191,A201,66.79166666666667,0.0343106674984404,38472,0,1,0.67265797,False Positive
A11,24,A32,A42,3149,A61,A72,4,A93,A101,1,A124,22,A141,A153,1,A173,1,A191,A201,131.20833333333334,0.0069863448713877,75576,0,1,0.7087183,False Positive
