feature,importance
cat__checking_account_A14,0.10282339
cat__checking_account_A12,0.049706575
cat__savings_A61,0.04033573
num__duration_months,0.03489413
cat__property_A121,0.03475094
cat__checking_account_A11,0.03195049
cat__credit_history_A34,0.030176094
cat__savings_A62,0.025981497
cat__telephone_A191,0.022911334
cat__job_A173,0.022660412
cat__other_installment_plans_A141,0.021997962
cat__savings_A65,0.020946743
num__credit_amount_per_month,0.020414293
cat__other_installment_plans_A143,0.019486638
cat__property_A124,0.019302294
cat__purpose_A46,0.01910154
num__credit_duration_interaction,0.018636387
cat__credit_history_A30,0.0184234
cat__purpose_A43,0.018162578
cat__employment_A72,0.018117363
cat__employment_A71,0.017889686
num__maintenance_people,0.017764743
num__existing_credits,0.017601898
cat__credit_history_A31,0.016622903
num__age,0.01644716
cat__other_debtors_A103,0.016430793
cat__housing_A152,0.016390232
cat__housing_A153,0.016377859
num__age_credit_ratio,0.015989395
cat__personal_status_sex_A93,0.015932482
num__credit_amount,0.015774338
cat__purpose_A41,0.015655678
cat__housing_A151,0.014761986
cat__foreign_worker_A202,0.014745846
cat__employment_A75,0.013801335
cat__employment_A74,0.013704686
cat__credit_history_A32,0.013400597
num__installment_rate,0.012862488
cat__checking_account_A13,0.011716456
cat__purpose_A40,0.0116979135
cat__foreign_worker_A201,0.0114424415
cat__personal_status_sex_A91,0.0112264315
cat__savings_A64,0.010858037
cat__other_debtors_A102,0.010734524
cat__personal_status_sex_A92,0.010513172
cat__credit_history_A33,0.010315629
cat__job_A174,0.008921899
cat__telephone_A192,0.008006485
cat__property_A122,0.007493859
cat__savings_A63,0.0066256695
num__residence_since,0.0063179173
cat__property_A123,0.0011957005
cat__purpose_A410,0.0
cat__purpose_A42,0.0
cat__purpose_A45,0.0
cat__purpose_A48,0.0
cat__purpose_A49,0.0
cat__purpose_A44,0.0
cat__employment_A73,0.0
cat__other_debtors_A101,0.0
cat__personal_status_sex_A94,0.0
cat__other_installment_plans_A142,0.0
cat__job_A171,0.0
cat__job_A172,0.0
