feature,mean_abs_shap
cat__checking_account_A14,0.4611203
num__credit_amount_per_month,0.29399472
num__duration_months,0.2559449
cat__credit_history_A34,0.23761305
cat__checking_account_A11,0.19759946
num__credit_amount,0.18860961
cat__savings_A61,0.14878263
num__age_credit_ratio,0.13556501
num__credit_duration_interaction,0.12821037
cat__employment_A72,0.1152992
cat__purpose_A41,0.10839762
cat__other_installment_plans_A141,0.0897603
cat__purpose_A40,0.08946783
cat__savings_A65,0.085129716
cat__property_A124,0.08434534
cat__employment_A74,0.08218133
num__installment_rate,0.08178591
cat__housing_A151,0.0747962
num__age,0.07089988
cat__purpose_A43,0.06877483
cat__personal_status_sex_A93,0.06873121
cat__other_installment_plans_A143,0.06818752
cat__property_A121,0.061310917
cat__purpose_A46,0.056165766
cat__housing_A152,0.0525168
cat__credit_history_A30,0.04623854
cat__other_debtors_A103,0.044893585
cat__checking_account_A12,0.042599134
cat__telephone_A191,0.038196567
cat__savings_A64,0.028821079
cat__credit_history_A31,0.025502646
cat__telephone_A192,0.023923157
cat__personal_status_sex_A91,0.019028153
num__existing_credits,0.019002981
cat__personal_status_sex_A92,0.016838916
cat__foreign_worker_A201,0.014490324
cat__employment_A71,0.013185277
cat__other_debtors_A102,0.012530034
cat__job_A173,0.010158733
cat__housing_A153,0.0099996105
cat__foreign_worker_A202,0.008414629
num__residence_since,0.007633468
cat__property_A122,0.0067856624
num__maintenance_people,0.0061724903
cat__credit_history_A33,0.005786977
cat__savings_A63,0.005130442
cat__savings_A62,0.0047440464
cat__job_A174,0.0038951677
cat__employment_A75,0.0034659856
cat__checking_account_A13,0.0017527582
cat__credit_history_A32,0.0014439016
cat__property_A123,0.000484669
cat__purpose_A410,0.0
cat__purpose_A42,0.0
cat__purpose_A45,0.0
cat__purpose_A48,0.0
cat__purpose_A49,0.0
cat__purpose_A44,0.0
cat__employment_A73,0.0
cat__other_debtors_A101,0.0
cat__personal_status_sex_A94,0.0
cat__other_installment_plans_A142,0.0
cat__job_A171,0.0
cat__job_A172,0.0
