fold,threshold,accuracy,precision,recall,f1
1,0.3,0.75,0.5625,0.75,0.6428571428571429
1,0.35,0.7875,0.6296296296296297,0.7083333333333334,0.6666666666666666
1,0.4,0.8125,0.7045454545454546,0.6458333333333334,0.6739130434782609
1,0.45,0.7875,0.6944444444444444,0.5208333333333334,0.5952380952380952
1,0.5,0.76875,0.6896551724137931,0.4166666666666667,0.5194805194805194
1,0.55,0.75625,0.68,0.3541666666666667,0.4657534246575342
1,0.6,0.7375,0.6666666666666666,0.25,0.36363636363636365
2,0.3,0.725,0.5344827586206896,0.6458333333333334,0.5849056603773585
2,0.35,0.73125,0.5490196078431373,0.5833333333333334,0.5656565656565656
2,0.4,0.7625,0.6136363636363636,0.5625,0.5869565217391305
2,0.45,0.74375,0.6,0.4375,0.5060240963855421
2,0.5,0.74375,0.64,0.3333333333333333,0.4383561643835616
2,0.55,0.75,0.7,0.2916666666666667,0.4117647058823529
2,0.6,0.75,0.75,0.25,0.375
3,0.3,0.7,0.5,0.7916666666666666,0.6129032258064516
3,0.35,0.74375,0.5538461538461539,0.75,0.6371681415929203
3,0.4,0.7625,0.5892857142857143,0.6875,0.6346153846153846
3,0.45,0.75625,0.6,0.5625,0.5806451612903226
3,0.5,0.7625,0.631578947368421,0.5,0.5581395348837209
3,0.55,0.76875,0.6896551724137931,0.4166666666666667,0.5194805194805194
3,0.6,0.76875,0.7037037037037037,0.3958333333333333,0.5066666666666667
4,0.3,0.675,0.4642857142857143,0.5416666666666666,0.5
4,0.35,0.7,0.5,0.5208333333333334,0.5102040816326531
4,0.4,0.725,0.5454545454545454,0.5,0.5217391304347826
4,0.45,0.7125,0.5263157894736842,0.4166666666666667,0.46511627906976744
4,0.5,0.7,0.5,0.2916666666666667,0.3684210526315789
4,0.55,0.71875,0.56,0.2916666666666667,0.3835616438356164
4,0.6,0.7125,0.55,0.22916666666666666,0.3235294117647059
5,0.3,0.71875,0.52,0.8125,0.6341463414634146
5,0.35,0.76875,0.582089552238806,0.8125,0.6782608695652174
5,0.4,0.775,0.603448275862069,0.7291666666666666,0.660377358490566
5,0.45,0.775,0.62,0.6458333333333334,0.6326530612244898
5,0.5,0.775,0.6363636363636364,0.5833333333333334,0.6086956521739131
5,0.55,0.8,0.7105263157894737,0.5625,0.627906976744186
5,0.6,0.78125,0.7096774193548387,0.4583333333333333,0.5569620253164557
